Volební obvod;Kandidát.číslo;Kandidát.příjmení, jméno, tituly;Kandidát.věk;Volební strana;Navrhující strana;Politická příslušnost;Povolání;Bydliště;1. kolo.počet hlasů;1. kolo.%;2. kolo.počet hlasů;2. kolo.%
3;1;Sedláček Jiří Ing.​;64;Trikolora​;Trikolora​;BEZPP​;jednatel společnosti​;Tachov​;1613;5,64;0;0,00
3;2;Monsportová Markéta​;48;Piráti​;Piráti​;Piráti​;manažerka a kulturní aktivistka​;Velká Hleďsebe​;3960;13,85;0;0,00
3;3;Brožová Lampertová Jaroslava Ing.​;66;ANO​;ANO​;ANO​;starostka obce Velká Hleďsebe​;Velká Hleďsebe​;4927;17,24;3091;29,68
3;4;Švarcbek Josef RSDr.​;65;KSČM​;KSČM​;KSČM​;velitel výjezdové jednotky SDH Planá​;Planá​;2506;8,76;0;0,00
3;5;Plevný Miroslav​;54;STAN​;STAN​;BEZPP​;vysokoškolský učitel na Fakultě ekonomické ZČU​;Cheb​;7840;27,43;7323;70,31
3;6;Štěrbová Svatava Mgr.​;49;Zelení+SEN 21​;Zelení​;Zelení​;právnička a zastupitelka města Kladruby​;Kladruby​;1379;4,82;0;0,00
3;7;Lojda Martin​;65;PRO Zdraví​;PRO Zdraví​;KOLONÁDA​;realitní makléř​;Karlovy Vary​;119;0,41;0;0,00
3;8;Nenutil Miroslav Mgr.​;62;SOCDEM​;SOCDEM​;SOCDEM​;senátor​;Stříbro​;4142;14,49;0;0,00
3;9;Kvasnička Josef JUDr.​;70;SPD​;SPD​;BOS​;právník​;Plesná​;2090;7,31;0;0,00
6;1;Drápal Vladimír Mgr.​;56;ODS+TOP+KDU+KAN​;ODS​;BEZPP​;kurátor a produkční městské galerie, vydavatel​;Louny​;7884;20,63;7252;41,60
6;2;Pitek Daniel​;53;SEN 21​;SEN 21​;BEZPP​;sedlák a lesník​;Velemín​;3352;8,77;0;0,00
6;3;Hamousová Zdeňka Mgr.​;59;USZ​;USZ​;BEZPP​;starostka​;Žatec​;3910;10,23;0;0,00
6;4;Hanko Dominik Ing.​;41;SPD​;SPD​;SPD​;preventista městské policie, včelař, trenér atlet.​;Litoměřice​;2201;5,75;0;0,00
6;5;Beneš Václav​;67;KSČM​;KSČM​;KSČM​;starosta obce Blatno​;Blatno​;2462;6,44;0;0,00
6;6;Veselý Jaroslav Ing.​;64;UFO+ProMOST​;UFO​;BEZPP​;starosta obce Raná​;Raná​;1153;3,01;0;0,00
6;7;Pištora Zdeněk Mgr.​;56;Trikolora​;Trikolora​;Trikolora​;starosta města Postoloprty​;Postoloprty​;1590;4,16;0;0,00
6;8;Trešl Ivo MUDr.​;48;STAN​;STAN​;STAN​;lékař - chirurg​;Rakovník​;7995;20,92;10179;58,39
6;9;Rychtařík Milan Mgr. et. Bc.​;48;ANO​;ANO​;ANO​;místostarosta města Louny​;Louny​;7341;19,20;0;0,00
6;10;Domorák Rostislav Ing.​;59;S.cz​;S.cz​;BEZPP​;ředitel Oblastní charity Ústí nad Labem​;Budyně nad Ohří​;327;0,85;0;0,00
9;1;Sitta Jindřich MUDr.​;65;STAN​;STAN​;BEZPP​;chirurg, plukovník AČR, býv. velitel 6. pol. nem.​;Plzeň​;6175;16,40;0;0,00
9;2;Heřman Václav​;46;KSČM​;KSČM​;KSČM​;servisní technik​;Plzeň​;3034;8,06;0;0,00
9;3;Fencl Oldrich Ing.​;65;SPD​;SPD​;SPD​;geodet, geolog​;Plzeň​;3481;9,24;0;0,00
9;4;Kůs Daniel Mgr.​;46;Piráti​;Piráti​;Piráti​;zakl. internet. startupu, právník, plzeň. zastup.​;Plzeň​;8032;21,33;5773;40,66
9;5;Liška Jiří MUDr. CSc.​;76;SOCDEM​;SOCDEM​;SOCDEM​;zástup. primáře novorozeneckého odd. Mulačovy nem.​;Plzeň​;3766;10,00;0;0,00
9;6;Aschenbrenner Lumír Ing.​;60;ODSTOPKDUADSMon​;ODS​;ODS​;starosta Slovan, senátor PČR​;Plzeň​;13151;34,93;8425;59,33
12;1;Anděl Marek​;48;PÍSEK SOBĚ​;PÍSEK SOBĚ​;BEZPP​;ředitel muzea Elektrárny královského města Písku​;Písek​;1898;5,01;0;0,00
12;2;Štětina Pavel​;68;KSČM​;KSČM​;KSČM​;lesník​;Nová Pec​;1661;4,38;0;0,00
12;3;Kalina Petr Ing.​;48;ANO​;ANO​;ANO​;starosta obce​;Dobev​;5357;14,15;0;0,00
12;4;Horák Michal​;55;Piráti​;Piráti​;Piráti​;IT specialista​;Písek​;3410;9,01;0;0,00
12;5;Zelenková Ivana​;57;STAN​;STAN​;STAN​;starostka obce Čejetice​;Čejetice​;1664;4,39;0;0,00
12;6;Kurschová Petra Mgr.​;42;NK​;NK​;BEZPP​;oděvní návrhář​;Strakonice​;1314;3,47;0;0,00
12;7;Kratochvíle Karel Ing.​;62;SOCDEM​;SOCDEM​;SOCDEM​;ředitel Zemského hřebčince Písek, senátor P ČR​;Písek​;3395;8,97;0;0,00
12;8;Fiala Tomáš MUDr. Bc. MBA​;63;ODS​;ODS​;BEZPP​;lékař, ředitel nemocnice​;Strakonice​;10538;27,84;8238;50,13
12;9;Ušatý Miroslav Ing.​;54;Trikolora​;Trikolora​;BEZPP​;starosta​;Albrechtice nad Vltavou​;1432;3,78;0;0,00
12;10;Šobr Miroslav​;54;NK​;NK​;BEZPP​;úředník​;Volenice​;1494;3,94;0;0,00
12;11;Peterka Luboš Ing.​;55;KDU-ČSL​;KDU-ČSL​;BEZPP​;starosta​;Radomyšl​;5681;15,01;8193;49,86
15;1;Štěch Milan​;66;SOCDEM​;SOCDEM​;SOCDEM​;senátor​;Lišov​;11581;31,22;7649;47,56
15;2;Mrvka Stanislav Ing.​;67;Z 2020​;Z 2020​;Z 2020​;bývalý starosta J. Hradce a velitel záchr. útvaru​;Jindřichův Hradec​;7056;19,02;0;0,00
15;3;Jandák Vítězslav​;73;ANO​;ANO​;BEZPP​;člen Rady Českého rozhlasu, herec​;Chlum u Třeboně​;4486;12,09;0;0,00
15;4;Chalupský Jaroslav Ing.​;46;Svobodní​;Svobodní​;BEZPP​;manažer kvality, radní města, ekonom a podnikatel​;Jindřichův Hradec​;8731;23,54;8433;52,43
15;5;Pána Lubomír doc. PhDr. Mgr. Ph.D., dr. h. c.​;69;SPD​;SPD​;SPD​;emeritní rektor vysoké školy​;České Budějovice​;2561;6,90;0;0,00
15;6;Hodáč Pavel​;51;KSČM​;KSČM​;KSČM​;jednatel společnosti v oblasti strojírenské výroby​;Pelhřimov​;2673;7,20;0;0,00
18;1;Holobrada Stanislav MUDr.​;59;SOCDEM​;SOCDEM​;SOCDEM​;ředitel nemocnice​;Dobříš​;7083;16,13;0;0,00
18;2;Rosáková Jiřina PhDr.​;64;Zelení+SEN 21​;Zelení​;BEZPP​;scénáristka​;Mníšek pod Brdy​;1999;4,55;0;0,00
18;3;Luftová Simona Mgr.​;47;Piráti​;Piráti​;Piráti​;učitelka a projektová manažerka​;Příbram​;6763;15,41;0;0,00
18;4;Havelka Jindřich Mgr. DiS.​;46;KSČM​;KSČM​;KSČM​;řidič záchranář​;Trhové Dušníky​;3337;7,60;0;0,00
18;5;Novotný Jiří Bc.​;44;SPD​;SPD​;SPD​;odborný pracovník Úřadu práce ČR​;Příbram​;2770;6,31;0;0,00
18;6;Štěpánek Petr​;56;STAN​;STAN​;STAN​;starosta obce, dobrovolný hasič​;Petrovice​;9646;21,98;11372;70,18
18;7;Švenda Václav Mgr.​;46;TOP 09​;TOP 09​;TOP 09​;zástupce ředitele SŠ, podnikatel, zastupitel​;Příbram​;5178;11,79;0;0,00
18;8;Burian Jiří Ing.​;71;ODS​;ODS​;ODS​;senátor PČR​;Sedlčany​;7109;16,19;4831;29,81
21;1;Ludvík Miloslav JUDr. Ing. MBA​;57;SOCDEM+ANO​;SOCDEM​;SOCDEM​;ředitel Fakultní nemocnice v Motole​;Praha​;5425;13,49;0;0,00
21;2;Žantovský Michael Mgr.​;71;ODS+STAN+TOP 09​;TOP 09​;BEZPP​;diplomat, autor, politik, řed. Knihovny V. Havla​;Praha​;15929;39,63;12028;45,62
21;3;Kubín Jan Ing.​;56;CESTA​;CESTA​;CESTA​;podnikatel, místopředseda hnutí CESTA​;Praha​;365;0,90;0;0,00
21;4;Wünsche Milan​;63;SPD​;SPD​;SPD​;specialista v oboru umělé inteligence​;Praha​;1328;3,30;0;0,00
21;5;Maitah Mansoor prof. Ing. Ph.D. et Ph.D.​;58;Trikolora​;Trikolora​;Trikolora​;vysokoškolský pedagog​;Praha​;1408;3,50;0;0,00
21;6;Blaško Roman​;51;KSČM​;KSČM​;KSČ​;redaktor Haló novin, fotograf​;Luboměř​;686;1,70;0;0,00
21;7;Láska Václav Mgr.​;46;SEN 21​;SEN 21​;SEN 21​;advokát a senátor s podporou ČPS, KDU-ČSL, SZ​;Praha​;15047;37,44;14333;54,37
24;1;Smoljak Filip Bc.​;54;PRO Zdraví​;PRO Zdraví​;BEZPP​;sociální pracovník, ředitel soc.služby, filantrop​;Praha​;1249;3,59;0;0,00
24;2;Novák Vítězslav​;47;SPD​;SPD​;SPD​;živnostník​;Praha 8​;1526;4,39;0;0,00
24;3;Stehlík Eduard plk. gšt. v záloze PhDr. Ph.D., MBA​;55;KDU-ČSL+ODS​;ODS​;BEZPP​;vojenský historik, ředitel Památníku Lidice​;Praha 6​;10489;30,19;9164;45,14
24;4;Groene Odkolek Lucie Frederika​;50;DSZ-ZA PR.ZVÍŘ.​;DSZ-ZA PR.ZVÍŘ.​;BEZPP​;před.správní rady Nadační fond Odkolek,scénáristka​;Praha 9 - Vysočany​;508;1,46;0;0,00
24;5;Pavlíček Ladislav​;48;NáS​;NáS​;BEZPP​;řidič​;Kropáčova Vrutice​;150;0,43;0;0,00
24;6;Franěk Pavel Ing.​;74;KSČM​;KSČM​;KSČM​;specialista v obl.regionální politiky a cest.ruchu​;Praha​;843;2,42;0;0,00
24;7;Pavlát David PhDr. Ph.D.​;40;SOCDEM​;SOCDEM​;SOCDEM​;historik moderních českých dějin a tiskový mluvčí​;Praha 9​;1684;4,84;0;0,00
24;8;Hostomský Zdeněk RNDr. PhDr. CSc.​;67;ANK 2020​;ANK 2020​;ANK 2020​;biochemik a ředitel výzkumné instituce​;Praha 2 - Vinohrady​;1091;3,14;0;0,00
24;9;Vítová Vladimíra PhDr. Ph.D.​;57;ANS​;ANS​;ANS​;předsedkyně ALIANCE NÁRODNÍCH SIL​;Praha 10​;257;0,73;0;0,00
24;10;Smoljak David​;61;STAN+Piráti+TOP​;STAN​;STAN​;scénárista, publicista, senátor​;Praha-Vinoř​;14893;42,87;11136;54,85
24;11;Krása Václav Mgr.​;68;Trikolora​;Trikolora​;Trikolora​;předseda neziskové organizace​;Chýně​;2047;5,89;0;0,00
27;1;Veverka Robert​;43;Piráti​;Piráti​;BEZPP​;vydavatel, podnikatel, zastupitel MČ Praha 2​;Praha​;2949;9,18;0;0,00
27;2;Budil Ivo prof. RNDr. Ph.D., DSc.​;55;Trikolora​;Trikolora​;Trikolora​;vysokoškolský pedagog​;Praha 4​;1324;4,12;0;0,00
27;3;Fischer Václav​;66;NEI​;NEI​;BEZPP​;podnikatel​;Praha 1​;725;2,25;0;0,00
27;4;Hampl Václav prof. RNDr. DrSc.​;58;KDU+Z+PRAHA+SEN​;KDU-ČSL​;BEZPP​;senátor, prof. 2. lék.fakulty, emeritní rektor UK​;Praha​;6579;20,49;7481;36,03
27;5;Fejk Petr PhDr.​;56;IO​;IO​;BEZPP​;manažer, bývalý ředitel Zoo Praha​;Praha 2​;2827;8,80;0;0,00
27;6;Urban Milan Dr.- Ing.​;60;SPD​;SPD​;BEZPP​;architekt​;Praha 4​;1068;3,32;0;0,00
27;7;Štědroň Jakub Mgr. Ph.D.​;41;SOCDEM​;SOCDEM​;SOCDEM​;ředitel kulturní organizace​;Praha 6​;1041;3,24;0;0,00
27;8;Němcová Miroslava​;67;ODS+STAN+TOP 09​;ODS​;ODS​;poslankyně Parlamentu ČR​;Žďár nad Sázavou​;15593;48,56;13279;63,96
30;1;Bendl Petr Ing.​;54;ODS​;ODS​;ODS​;soukromý zemědělec, poslanec PČR​;Bratronice​;6086;14,10;6378;32,86
30;2;Zímová Naděžda Ing.​;58;RČ​;RČ​;RČ​;daňový poradce​;Kladno​;236;0,54;0;0,00
30;3;Volf Milan Mgr.​;57;ČP​;ČP​;VPK​;OSVČ​;Kladno​;5227;12,11;0;0,00
30;4;Oliva Michal​;47;NáS​;NáS​;SPRRSČ M.Sládka​;OSVČ​;Kladno​;172;0,39;0;0,00
30;5;Fröhlichová Markéta​;44;STAN​;STAN​;BEZPP​;starostka obce Krušovice​;Krušovice​;3553;8,23;0;0,00
30;6;Šípová Adéla Mgr.​;40;Piráti​;Piráti​;BEZPP​;advokátka​;Doksy​;7680;17,80;13031;67,13
30;7;Dienstbier Jiří Mgr.​;51;SOCD+Zel+Budouc​;SOCDEM​;SOCDEM​;senátor, advokát​;Praha 2​;3799;8,80;0;0,00
30;8;Vostrá Miloslava Ing. Bc.​;55;KSČM​;KSČM​;KSČM​;poslankyně Parlamentu České republiky​;Braškov​;2588;5,99;0;0,00
30;9;Bošek Václav Mgr. MBA​;43;SPD​;SPD​;BEZPP​;zástupce ředitele mezinárodní společnosti​;Kladno​;1865;4,32;0;0,00
30;10;Landa Jiří MUDr.​;64;Trikolora​;Trikolora​;Trikolora​;lékař​;Kladno​;1800;4,17;0;0,00
30;11;Bohbot David​;52;Svobodní​;Svobodní​;BEZPP​;bezpečnostní expert​;Praha 11​;566;1,31;0;0,00
30;12;Vojtová Michaela Ing.​;52;ANO​;ANO​;BEZPP​;ekonomka​;Kladno​;5026;11,65;0;0,00
30;13;Závodský Ondřej JUDr. Ph.D.​;40;KDU-ČSL+TOP 09​;KDU-ČSL​;BEZPP​;právník​;Praha 4​;4539;10,52;0;0,00
33;1;Linhart Zbyněk Ing.​;51;STAN+SLK​;STAN​;BEZPP​;senátor, místostarosta​;Krásná Lípa​;15787;52,77;0;0,00
33;2;Navara Vladimír Mgr.​;54;VOK​;VOK​;VOK​;podnikatel​;Velké Březno​;288;0,96;0;0,00
33;3;Moravec Leoš PhDr. Mgr. MSc.​;40;SPD​;SPD​;BEZPP​;ředitel dětského domova, radní města Rumburk​;Rumburk​;3365;11,24;0;0,00
33;4;Šenkýř Václav Doc. Dr. CSc.​;79;KSČM​;KSČM​;KSČM​;organizační a ekonomický poradce​;Děčín​;1171;3,91;0;0,00
33;5;Štruplová Růžičková Šárka Mgr. MBA​;44;S.cz​;S.cz​;S.cz​;ředitelka domu kultury​;Rumburk​;1318;4,40;0;0,00
33;6;Anděl Jiří Ing. CSc.​;62;ANO​;ANO​;BEZPP​;náměstek primátora​;Děčín​;5728;19,14;0;0,00
33;7;Říha Zdeněk​;46;Trikolora​;Trikolora​;Trikolora​;vysokoškolský učitel​;Děčín​;2259;7,55;0;0,00
36;1;Skokan Petr​;57;SPOLEHNUTÍ​;SPOLEHNUTÍ​;SPOLEHNUTÍ​;stavební technik​;Česká Lípa​;2547;7,23;0;0,00
36;2;Riedl Jan JUDr.​;67;NK​;NK​;BEZPP​;advokát​;Česká Lípa​;3056;8,68;0;0,00
36;3;Jeník Petr​;41;Piráti​;Piráti​;Piráti​;účetní, IT specialista​;Česká Lípa​;3568;10,13;0;0,00
36;4;Vomáčka Vít Ing. MBA​;60;ODS​;ODS​;BEZPP​;starosta​;Kravaře​;5381;15,28;6228;47,12
36;5;Tita Miloš Ing.​;63;KSČM​;KSČM​;BEZPP​;komisař požární ochrany​;Ralsko​;2310;6,56;0;0,00
36;6;Štěrba Jiří​;64;Trikolora​;Trikolora​;Trikolora​;starosta​;Provodín​;1243;3,53;0;0,00
36;7;Šmejda Libor Mgr. et Mgr. MBA​;55;TOP09+KDU+SEN21​;TOP 09​;BEZPP​;ředitel školy​;Česká Lípa​;2221;6,30;0;0,00
36;8;Vosecký Jiří​;69;STAN+SLK​;SLK​;SLK​;sklář, včelař, senátor, regionální patriot​;Okrouhlá​;10418;29,59;6988;52,87
36;9;Křupala Jaroslav​;48;SOCDEM​;SOCDEM​;SOCDEM​;starosta obce Vrchovany​;Vrchovany​;1775;5,04;0;0,00
36;10;Křenek Libor​;53;SPD​;SPD​;SPD​;živnostník v oblasti nemovitostí a financí​;Chlum​;2682;7,61;0;0,00
39;1;Sobotka Jan Ing.​;59;STAN​;STAN​;BEZPP​;starosta města Vrchlabí​;Vrchlabí​;14839;41,71;12140;74,58
39;2;Slavka Michal​;47;SPD​;SPD​;SPD​;nástrojař​;Trutnov​;3250;9,13;0;0,00
39;3;Sovová Klára Mgr.​;54;ODS​;ODS​;ODS​;advokátka​;Pec pod Sněžkou​;8142;22,88;0;0,00
39;4;Jarolím Jan Ing.​;46;ANO​;ANO​;ANO​;starosta města Dvůr Králové nad Labem​;Dvůr Králové nad Labem​;9345;26,26;4137;25,41
42;1;Zapletal Michal Mgr.​;51;ODS​;ODS​;ODS​;soukromník, OSVČ​;Kolín​;6451;14,41;0;0,00
42;2;Třísková Emilie​;58;NK​;NK​;BEZPP​;ředitelka centra sociálních a zdravotních služeb​;Poděbrady​;5295;11,83;0;0,00
42;3;Škorpík Martin Ing.​;58;KSČM​;KSČM​;KSČM​;stavební projektant​;Kolín​;2186;4,88;0;0,00
42;4;Otta Jiří Ing.​;58;NK​;NK​;BEZPP​;OSVČ, v letech 1994-2010 starosta obce Velký Osek​;Kolín​;1091;2,43;0;0,00
42;5;Koky Cyril Mgr. MPA​;51;Piráti​;Piráti​;Piráti​;odborný referent Krajského úřadu SK​;Kolín​;4173;9,32;0;0,00
42;6;Otava Karel Ing.​;69;SOCDEM​;SOCDEM​;SOCDEM​;starosta města Lysá nad Labem​;Lysá nad Labem​;1195;2,67;0;0,00
42;7;Klinecký Tomáš Mgr.​;40;TOP+Hlas+Zelení​;TOP 09​;TOP 09​;místostarosta Českého Brodu, advokát​;Český Brod​;4603;10,28;0;0,00
42;8;Karen Igor MUDr.​;56;ANO​;ANO​;ANO​;lékař​;Lysá nad Labem​;6627;14,81;3923;20,51
42;9;Kohoutová Ivanka PhDr. Ph.D.​;63;Trikolora​;Trikolora​;BEZPP​;ředitelka střední školy​;Zlatá​;1630;3,64;0;0,00
42;10;Žantovský Petr doc. Mgr. Ph.D.​;58;SPD​;SPD​;BEZPP​;novinář, vysokoškolský pedagog​;Rudná​;2515;5,62;0;0,00
42;11;Kárník Pavel Mgr.​;60;STAN​;STAN​;BEZPP​;ředitel knihovny​;Kolín​;8971;20,05;15197;79,48
45;1;Staněk Pavel JUDr.​;47;ODS​;ODS​;ODS​;advokát​;Předměřice nad Labem​;5993;13,61;0;0,00
45;2;Brábník Petr​;51;Trikolora​;Trikolora​;Trikolora​;OSVČ - manager obch. skupiny​;Nový Bydžov​;1463;3,32;0;0,00
45;3;Holásek Jan JUDr. LL.M.​;47;HDK+TOP+SE+Z+LE​;HDK​;BEZPP​;právník, zastupitel města Hradec Králové​;Hradec Králové​;7445;16,91;15138;70,23
45;4;Dryml Vladimír MUDr.​;68;PRO Zdraví​;PRO Zdraví​;BEZPP​;lékař​;Vrchlabí​;517;1,17;0;0,00
45;5;Čáp Jan prof. MUDr. CSc.​;67;KDU-ČSL​;KDU-ČSL​;KDU-ČSL​;lékař, VŠ učitel​;Hradec Králové​;4075;9,26;0;0,00
45;6;Pakandlová Markéta JUDr.​;59;SPD​;SPD​;BEZPP​;advokátka​;Hradec Králové​;2194;4,98;0;0,00
45;7;Štěpán Lubomír Ing.​;66;KSČM​;KSČM​;KSČM​;stavební projektant​;Hradec Králové​;1996;4,53;0;0,00
45;8;Vacek Pavel doc. PhDr. Ph.D.​;72;Piráti​;Piráti​;BEZPP​;emeritní děkan PdF UHK, psycholog, zastupitel​;Hradec Králové​;6033;13,70;0;0,00
45;9;Malý Jaroslav prof. MUDr. CSc.​;73;NK​;NK​;BEZPP​;lékař, senátor​;Hradec Králové​;4342;9,86;0;0,00
45;10;Mašek Jiří MUDr.​;62;ANO​;ANO​;ANO​;lékař, poslanec PSP ČR​;Hradec Králové​;8587;19,51;6414;29,76
45;11;Indrák Igor​;44;NK​;NK​;BEZPP​;obchodně - technický pracovník​;Skřivany​;1360;3,09;0;0,00
48;1;Matoušek Jiří Mgr. MPA​;41;Trikolora​;Trikolora​;Trikolora​;jednatel společnosti​;Javornice​;1629;4,19;0;0,00
48;2;Lukášek Josef PaedDr.​;68;KSČM​;KSČM​;KSČM​;středoškolský pedagog​;Bystré​;2491;6,41;0;0,00
48;3;Chudoba Drahoslav​;55;NK​;NK​;BEZPP​;jednatel společnosti​;Rychnov nad Kněžnou​;2686;6,91;0;0,00
48;4;Mencl František brig. gen. Ing.​;65;SOCDEM​;SOCDEM​;BEZPP​;ředitel Hasičského záchranného sboru KHK​;Hradec Králové​;2500;6,43;0;0,00
48;5;Grulich Jan Mgr.​;45;TOP 09+LES​;TOP 09​;TOP 09​;ředitel ZŠ a MŠ Trivium Plus, krajský zastupitel​;Sedloňov​;9472;24,37;11432;59,65
48;6;Antl Miroslav JUDr.​;65;ZA OBČANY​;ZA OBČANY​;ZA OBČANY​;senátor P ČR, VŠ pedagog​;Hradec Králové​;10275;26,44;7733;40,34
48;7;Drejslová Jana Mgr.​;57;ODS​;ODS​;BEZPP​;místostarostka města Rychnov n. K., krajská zast.​;Rychnov nad Kněžnou​;7369;18,96;0;0,00
48;8;Lesenská Vladimíra Ing.​;56;SPD​;SPD​;BEZPP​;ředitelka Kontaktního pracoviště Ústí n. O. ÚP ČR​;Týniště nad Orlicí​;2436;6,26;0;0,00
51;1;Kasal Bohumil Ing.​;64;SPD​;SPD​;BEZPP​;univerzitní profesor​;Praha 6​;1644;4,78;0;0,00
51;2;Černý Libor JUDr.​;52;ANO​;ANO​;BEZPP​;poradce ministra​;Nové Město na Moravě​;5018;14,60;0;0,00
51;3;Střítecký Zdeněk Mgr. Bc.​;50;KSČM​;KSČM​;KSČM​;podnikový právník​;Trnava​;1503;4,37;0;0,00
51;4;Šmarda Michal​;45;SOCD+Zel+Budouc​;SOCDEM​;SOCDEM​;starosta​;Nové Město na Moravě​;8691;25,28;7198;40,18
51;5;Horká Ivana Ing. Bc.​;57;NeKa​;NeKa​;NeKa​;OSVČ​;Velké Meziříčí​;6853;19,93;0;0,00
51;6;Klement Josef Ing.​;49;KDU-ČSL​;KDU-ČSL​;BEZPP​;místostarosta města Žďár nad Sázavou​;Žďár nad Sázavou​;10660;31,01;10713;59,81
54;1;Beranová Bohumila​;47;NK​;NK​;BEZPP​;OSVČ​;Znojmo​;1778;5,88;0;0,00
54;2;Pavlík Martin MUDr. Ph.D., EDIC, DESA​;50;ANO​;ANO​;BEZPP​;ředitel Nemocnice Znojmo, lékař intenziv. medicíny​;Brno​;6094;20,18;0;0,00
54;3;Grois Jan​;40;SOM​;SOM​;SOCDEM​;starosta města Znojma​;Znojmo​;7778;25,75;8723;45,42
54;4;Třetina Tomáš Mgr.​;48;ODS+STAN+TOP 09​;TOP 09​;TOP 09​;starosta Moravského Krumlova​;Moravský Krumlov​;9172;30,37;10478;54,57
54;5;Šalomonová Růžena Mgr.​;66;SPD​;SPD​;SPD​;ředitelka společ., zakl. Rady seniorů Města Znojma​;Znojmo​;2226;7,37;0;0,00
54;6;Železný Vladimír PhDr.​;75;Trikolora​;Trikolora​;BEZPP​;podnikatel​;Praha​;868;2,87;0;0,00
54;7;Kováčik Pavel Ing.​;65;KSČM​;KSČM​;KSČM​;poslanec Parlamentu České republiky​;Třebíč​;2281;7,55;0;0,00
57;1;Bárek Ivo Ing.​;58;SOCDEM​;SOCDEM​;SOCDEM​;senátor​;Vyškov​;9579;22,17;0;0,00
57;2;Klaška Jaroslav Ing. arch.​;58;KDU+ODS+TOP 09​;KDU-ČSL​;KDU-ČSL​;architekt​;Šlapanice​;11955;27,67;8204;49,91
57;3;Bláha Libor Mgr. MBA​;40;SPD​;SPD​;SPD​;vysokoškolský pedagog, jednatel společnosti​;Vyškov​;3589;8,30;0;0,00
57;4;Wenzl Lubomír Mgr. Ing.​;52;ANO​;ANO​;ANO​;ředitel nemocnice​;Drnovice​;6341;14,68;0;0,00
57;5;Zitterbart Karel MUDr. Ph.D.​;41;STAN​;STAN​;BEZPP​;dětský lékař a onkolog​;Mokrá-Horákov​;11727;27,15;8231;50,08
60;1;Šabatová Anna Mgr. Ph.D.​;69;Zel+SEN21+Ideal​;Zelení​;BEZPP​;bývalá ombudsmanka​;Praha​;7937;17,94;8085;42,28
60;2;Chalupa Bohuslav Ing.​;60;PRO Zdraví​;PRO Zdraví​;BEZPP​;OSVČ​;Brno​;423;0,95;0;0,00
60;3;Duchoň Oldřich​;57;NáS​;NáS​;BEZPP​;jednatel firmy​;Brno​;209;0,47;0;0,00
60;4;Anderle Tomáš Mgr. Bc. MBA, LL.M.​;47;SPD​;SPD​;SPD​;ředitel speciální SŠ, zastupitel MČ Brno-Židenice​;Brno​;2786;6,29;0;0,00
60;5;Trčala Pavel​;42;MZH​;MZH​;MZH​;majitel sportovní firmy, lyžař, horolezec​;Brno​;1391;3,14;0;0,00
60;6;Kadeřávek Jiří Ing.​;50;Piráti​;Piráti​;Piráti​;programátor, analytik, manažer, zakladatel ČPS​;Sivice​;6505;14,70;0;0,00
60;7;Rais Karel prof. Ing. CSc., MBA​;70;ANO​;ANO​;BEZPP​;poslanec, VŠ profesor​;Brno​;7047;15,93;0;0,00
60;8;Berta Lukáš MgA.​;41;MHS​;MHS​;BEZPP​;IT specialista, člen organiz. týmu Vokolo priglu​;Brno​;916;2,07;0;0,00
60;9;Tomáš Tomáš MUDr. Ph.D.​;52;KDU-ČSL​;KDU-ČSL​;KDU-ČSL​;lékař, přednosta I. ortop. kliniky FN u sv. Anny​;Brno​;5920;13,38;0;0,00
60;10;Novák Richard JUDr.​;58;Trikolora​;Trikolora​;Trikolora​;advokát, myslivec​;Velké Němčice​;1429;3,23;0;0,00
60;11;Kraus Roman MUDr. MBA​;64;ODS+TOP 09​;ODS​;ODS​;lékař​;Brno​;9661;21,84;11036;57,71
63;1;Chromec Dan​;49;SPD​;SPD​;SPD​;technický pracovník ve zdravotnických službách​;Přerov​;2762;7,74;0;0,00
63;2;Pollák Jaroslav JUDr.​;69;NáS​;NáS​;NáS​;senior - OSVČ​;Kaplice​;68;0,19;0;0,00
63;3;Vrána Petr Ing.​;45;ANO​;ANO​;ANO​;náměstek hejtmana Olomouckého kraje​;Přerov​;7371;20,65;8566;44,09
63;4;Kocourek Tomáš MUDr. Mgr. MBA​;42;ODS​;ODS​;BEZPP​;lékař zdr. záchr. služby, člen zast. města Přerova​;Přerov​;4549;12,75;0;0,00
63;5;Lajtoch Jiří Ing. PhD.​;66;SOCDEM​;SOCDEM​;SOCDEM​;emeritní primátor města Přerova​;Přerov​;1145;3,20;0;0,00
63;6;Raindl Miroslav Mgr.​;66;KSČM​;KSČM​;KSČM​;dětský psycholog​;Hranice​;1847;5,17;0;0,00
63;7;Prachař Antonín Ing.​;57;NK​;NK​;BEZPP​;jednatel společnosti, dopravní expert​;Přerov​;2533;7,09;0;0,00
63;8;Seitlová Jitka RNDr.​;66;KDU-ČSL​;KDU-ČSL​;KDU-ČSL​;senátorka​;Lipník nad Bečvou​;9566;26,81;10859;55,90
63;9;Kubala Jiří generálmajor v. v. Ing.​;64;NEZ​;NEZ​;BEZPP​;vojenský pilot ve výslužbě​;Rokytnice​;636;1,78;0;0,00
63;10;Kudláček Jiří​;61;Trikolora+APB​;Trikolora​;APB​;starosta​;Hranice​;2058;5,76;0;0,00
63;11;Ondrůj Pavel​;48;Piráti​;Piráti​;BEZPP​;org.kult.akcí a man.kultury, předs.nadač.f. Blues​;Přerov​;3143;8,80;0;0,00
66;1;Kaláb Stanislav Mgr.​;69;SPD​;SPD​;BEZPP​;zastupitel Ol. kraje, před. Ol. kraj. fotbal.svazu​;Olomouc​;2206;5,74;0;0,00
66;2;Vincour Radek Mgr.​;53;ODS​;ODS​;ODS​;starosta Uničova, hudebník​;Uničov​;6875;17,89;0;0,00
66;3;Ošťádal Marek​;47;STAN​;STAN​;STAN​;starosta, hudebník (Stracené ráj), moderátor​;Náklo​;10222;26,60;14006;68,76
66;4;John František RNDr. Mgr. Ph.D.​;42;KDU-ČSL​;KDU-ČSL​;KDU-ČSL​;starosta města Zábřeh, odborník na živ. prostředí​;Zábřeh​;7101;18,48;0;0,00
66;5;Baudyš Antonín Bc.​;47;CESTA​;CESTA​;CESTA​;konzultant, Místopředseda hnutí CESTA​;Šumperk​;742;1,93;0;0,00
66;6;Zahradníček Jan Ing.​;60;ANO​;ANO​;ANO​;starosta​;Medlov​;8622;22,44;6362;31,23
66;7;Vomáčka Jaroslav doc. MUDr. Ph.D., MBA​;64;SOCDEM​;SOCDEM​;SOCDEM​;lékař, vysokoškolský učitel​;Litovel​;2648;6,89;0;0,00
69;1;Olšovský Pavel RNDr. Ph.D.​;53;VOK​;VOK​;BEZPP​;vědecký pracovník, projektový manažer, SŠ učitel​;Frýdek-Místek​;1528;4,26;0;0,00
69;2;Matýs Jaroslav MUDr.​;60;Trikolora​;Trikolora​;BEZPP​;lékař​;Frýdek-Místek​;1318;3,67;0;0,00
69;3;Lukša Pavol​;58;DV 2016​;DV 2016​;DV 2016​;starosta obce​;Čeladná​;2576;7,19;0;0,00
69;4;Pešatová Helena RNDr.​;61;STAN​;STAN​;BEZPP​;starostka​;Frýdlant nad Ostravicí​;7422;20,71;7966;54,03
69;5;Deutscher Karel​;45;SOCDEM​;SOCDEM​;SOCDEM​;náměstek primátora​;Frýdek-Místek​;2380;6,64;0;0,00
69;6;Mamula Radim Bc.​;50;ANO​;ANO​;BEZPP​;vedoucí provozu​;Frýdek-Místek​;4686;13,08;0;0,00
69;7;Pawlas Daniel Bc.​;45;KSČM​;KSČM​;KSČM​;poslanec - PS PČR​;Havířov​;1449;4,04;0;0,00
69;8;Bača Radim​;50;ANK 2020​;ANK 2020​;BEZPP​;starosta obce Palkovice, zemědělec​;Palkovice​;4733;13,21;0;0,00
69;9;Carbol Jiří Ing.​;61;KDU-ČSL+NMFM​;KDU-ČSL​;KDU-ČSL​;starosta obce Dobrá, senátor​;Dobrá​;7770;21,69;6775;45,96
69;10;Bodzsar Radomil​;64;SPD​;SPD​;SPD​;starosta obce Mošnov​;Mošnov​;1960;5,47;0;0,00
72;1;Cimprichová Pynelopi Ing. Mgr.​;62;JEDNOTNÍ​;JEDNOTNÍ​;JEDNOTNÍ​;podnikatelka, lékárnice a ekonomka​;Ostrava​;564;1,82;0;0,00
72;2;Gromnica Rostislav MUDr. Ph.D.​;64;STAN​;STAN​;BEZPP​;lékař​;Ostrava​;946;3,06;0;0,00
72;3;Wlochová Andrea Mgr. Ph.D.​;45;Trikolora​;Trikolora​;Trikolora​;VŠ pedagožka, vedoucí Katedry jazyků VŠB-TUO​;Ostrava​;1307;4,23;0;0,00
72;4;Šimetka Ondřej doc. MUDr. Ph.D., MBA​;50;ODS​;ODS​;BEZPP​;lékař​;Opava​;6688;21,68;7546;67,89
72;5;Smetana Radim Ing.​;46;SOCDEM​;SOCDEM​;SOCDEM​;starosta​;Ostrava​;2548;8,26;0;0,00
72;6;Síla Jan MUDr.​;70;SPD​;SPD​;SPD​;neurochirurg​;Ostrava​;1830;5,93;0;0,00
72;7;Jiříček Zdeněk Ing.​;51;ANO​;ANO​;ANO​;ředitel příspěvkové organizace​;Hlučín​;6747;21,87;3568;32,10
72;8;Gajdáček Petr​;71;KSČM​;KSČM​;KSČM​;předseda bytového družstva​;Ostrava​;1264;4,09;0;0,00
72;9;Janáčková Liana Ing. arch.​;66;NEZ​;NEZ​;NEZ​;architektka, zastupitelka městského obvodu​;Ostrava​;3782;12,26;0;0,00
72;11;Sapeta Jiří​;45;NáS​;NáS​;BEZPP​;OSVČ​;Ostrava​;164;0,53;0;0,00
72;12;Škaldová Miroslava Mgr.​;56;VOK​;VOK​;BEZPP​;ředitelka základní a mateřské školy​;Ostrava​;259;0,83;0;0,00
72;13;Koliba Peter doc. MUDr. CSc.​;67;ANK 2020​;ANK 2020​;ANK 2020​;lékař, senátor​;Budišovice​;825;2,67;0;0,00
72;14;Tomášek Martin Mgr. Ph.D.​;51;Piráti​;Piráti​;Piráti​;vysokoškolský učitel a místostarosta​;Ostrava​;3916;12,69;0;0,00
75;1;Kravčík Radim Mgr.​;40;Piráti​;Piráti​;BEZPP​;historik​;Karviná​;2451;10,94;0;0,00
75;2;Černínová Zdena​;63;KSČM​;KSČM​;BEZPP​;podnikatelka​;Karviná​;1943;8,67;0;0,00
75;3;Kuznik Lubomír​;64;VOK​;VOK​;BEZPP​;dlouholetý starosta a primátor​;Karviná​;657;2,93;0;0,00
75;4;Franková Naděžda MUDr.​;66;SPD​;SPD​;SPD​;dětská neuroložka​;Ostrava​;1648;7,35;0;0,00
75;5;Placzek Daniel MUDr.​;58;Trikolora​;Trikolora​;BEZPP​;lékař​;Orlová​;821;3,66;0;0,00
75;6;Štědroň Radoslav RNDr.​;65;JEDNOTNÍ​;JEDNOTNÍ​;SSPD-SP​;geograf - praktický filosof​;Ostrava​;75;0,33;0;0,00
75;7;Feber Ondřej Ing.​;68;ANO​;ANO​;ANO​;starosta​;Stonava​;5852;26,12;3412;50,62
75;8;Světnička Karel Mgr. et Bc.​;60;MS Piráti​;MS Piráti​;MS Piráti​;právník a nezávislý publicista​;Havířov​;236;1,05;0;0,00
75;9;Lazarová Eliška MUDr.​;63;ANK 2020​;ANK 2020​;BEZPP​;lékařka​;Dětmarovice​;343;1,53;0;0,00
75;10;Sušil Radek MUDr.​;53;SOCDEM​;SOCDEM​;SOCDEM​;lékař​;Karviná​;3335;14,88;3328;49,37
75;11;Chlubna Miroslav Mgr.​;46;NEZ​;NEZ​;NEZ​;starosta Města Orlová​;Orlová​;2184;9,75;0;0,00
75;12;Lebiedzik Marian doc. Ing. Ph.D.​;45;DV 2016​;DV 2016​;BEZPP​;starosta obce​;Petrovice u Karviné​;1684;7,51;0;0,00
75;13;Prus Radomír​;42;NK​;NK​;BEZPP​;průmyslník, vizionář, filantrop​;Petrovice u Karviné​;1170;5,22;0;0,00
78;1;Michálek Petr MgA.​;43;STAN​;STAN​;STAN​;ředitel divadla​;Zlín​;6637;14,90;0;0,00
78;2;Stodůlka Pavel MUDr. Ph.D.​;55;NEZ​;NEZ​;BEZPP​;lékař​;Zlín​;10642;23,90;7479;41,05
78;3;Šťovíček Jan JUDr. Ph.D.​;48;MZH​;MZH​;BEZPP​;prezident Autoklubu ČR​;Praha​;1579;3,54;0;0,00
78;4;Goláň Tomáš Ing.​;51;SEN 21​;SEN 21​;BEZPP​;daňový poradce a senátor​;Zlín​;14485;32,53;10738;58,94
78;5;Henner Radek Ing.​;57;SPD​;SPD​;SPD​;plukovník generálního štábu v záloze​;Přílepy​;3519;7,90;0;0,00
78;6;Doleček Jan​;48;KSČM​;KSČM​;KSČM​;vydavatel​;Zubří​;2027;4,55;0;0,00
78;7;Blahová Michaela​;51;KDU-ČSL​;KDU-ČSL​;KDU-ČSL​;členka Rady Zlínského kraje pro soc. záležitosti​;Zlín​;5631;12,64;0;0,00
81;1;Seďa Antonín Ing.​;59;SOCDEM​;SOCDEM​;SOCDEM​;technik, projektový manažer​;Uherské Hradiště​;3393;9,45;0;0,00
81;2;Bazala Josef​;60;KDU-ČSL​;KDU-ČSL​;KDU-ČSL​;starosta​;Staré Město​;11107;30,94;13172;60,78
81;3;Sládek Petr MUDr.​;52;ODS​;ODS​;BEZPP​;lékař, ředitel Uherskohradišťské nemocnice a.s.​;Uherské Hradiště​;8334;23,21;0;0,00
81;4;Blažková Jarmila​;67;SPD​;SPD​;SPD​;živnostnice​;Bystřice pod Hostýnem​;1850;5,15;0;0,00
81;5;Valenta Ivo​;64;Soukromníci​;Soukromníci​;BEZPP​;senátor, podnikatel​;Zlín​;11213;31,23;8499;39,21
